area,predicted_values
2600,533664.3835616438
3000,587979.4520547945
3200,615136.9863013698
3600,669452.0547945206
4000,723767.1232876712
6000,995342.4657534247
4580,802523.9726027397
9600,1484178.082191781
